n,density,exhaustive_weight,exhaustive_time,exhaustive_ops,exhaustive_configs,greedy_weight,greedy_time,greedy_ops,precision
30,0.125,,,,,112.21931262997963,0.00016307830810546875,865,
30,0.25,,,,,39.31266214482821,0.00014019012451171875,893,
30,0.5,,,,,22.172214125595445,0.000141143798828125,1120,
30,0.75,,,,,8.177890272254494,0.00010991096496582031,1072,
